Workbook

Sheet Catálogo
A1: CATÁLOGO DE CONFIGURACIÓN — FTO 2026 Filtros Blancos
A3: DIRECTORIO DE OPERADORES
A4: ID | B4: Nombre Operador | C4: Line Coordinator | D4: Turno | E4: Máquina | F4: Grupo | G4: Estatus | H4: Notas
A5: OP01 | B5: Cristian Quintanilla | C5: Ricardo Vargas | D5: Turno 1 | E5: Máquina 1 | F5: Grupo R. Vargas | G5: Activo
A6: OP02 | B6: Diana Magaña | C6: Ricardo Vargas | D6: Turno 2 | E6: Máquina 1 | F6: Grupo R. Vargas | G6: Activo
A7: OP03 | B7: Luis Ramírez | C7: Ricardo Vargas | D7: Turno 3 | E7: Máquina 1 | F7: Grupo R. Vargas | G7: Activo
A8: OP04 | B8: Miriam Ramírez | C8: Ricardo Vargas | D8: Turno 1 | E8: Máquina 2 | F8: Grupo R. Vargas | G8: Activo
A9: OP05 | B9: Erick Macias | C9: Ricardo Vargas | D9: Turno 2 | E9: Máquina 2 | F9: Grupo R. Vargas | G9: Activo
A10: OP06 | B10: Gilberto Magaña | C10: Ricardo Vargas | D10: Turno 3 | E10: Máquina 2 | F10: Grupo R. Vargas | G10: Activo
A11: OP07 | B11: Alexis Cruz | C11: César Lara | D11: Turno 1 | E11: Máquina 3 | F11: Grupo C. Lara | G11: Activo
A12: OP08 | B12: Ramiro Mendez | C12: César Lara | D12: Turno 2 | E12: Máquina 3 | F12: Grupo C. Lara | G12: Activo
A13: OP09 | B13: Victoria Karman | C13: César Lara | D13: Turno 3 | E13: Máquina 3 | F13: Grupo C. Lara | G13: Activo
A14: OP10 | B14: Manuel Martinez | C14: César Lara | D14: Turno 1 | E14: Máquina 4 | F14: Grupo C. Lara | G14: Activo
A15: OP11 | B15: Gilberto Alvarez | C15: César Lara | D15: Turno 2 | E15: Máquina 4 | F15: Grupo C. Lara | G15: Activo
A16: OP12 | B16: Jonathan Mares | C16: Miguel Vidrio | D16: Turno 1 | E16: Máquina 5 | F16: Grupo M. Vidrio | G16: Activo
... A20: OP16 | B20: Felipe García | C20: Miguel Vidrio | D20: Turno 2 | E20: Máquina 6 | F20: Grupo M. Vidrio | G20: Activo
A23: OBJETIVOS (TARGETS) POR INDICADOR SQDCM
A24: # | B24: Categoría SQDCM | C24: Indicador | D24: Unidad | E24: Objetivo | F24: Dirección | G24: Descripción
A25: 1 | B25: Sustentabilidad | C25: BOS [#] | D25: # | E25: 3 | F25: ≥ | G25: Número de BOS realizados
A26: 2 | B26: Sustentabilidad | C26: BOS ENG [%] | D26: % | E26: 95 | F26: ≥ | G26: Engagement de BOS
A27: 3 | B27: Calidad | C27: QBOS [#] | D27: # | E27: 1 | F27: ≥ | G27: Número de QBOS realizados
A28: 4 | B28: Calidad | C28: QBOS ENG [%] | D28: % | E28: 95 | F28: ≥ | G28: Engagement de QBOS
A29: 5 | B29: Calidad | C29: QFlags [#] | D29: # | E29: 6 | F29: ≥ | G29: Quality Flags mínimo 6
A30: 6 | B30: Calidad | C30: QI / PNC [#] | D30: # | E30: 0 | F30: = | G30: Quality Issues / PNC
A31: 7 | B31: Desempeño | C31: DH encontrados [#] | D31: # | E31: 14 | F31: ≥ | G31: Defectos hora encontrados
A32: 8 | B32: Desempeño | C32: DH Reparados [#] | D32: # | E32: 14 | F32: ≥ | G32: Defectos hora reparados
A33: 9 | B33: Desempeño | C33: Curva de Autonomía [%] | D33: % | E33: 80 | F33: ≥ | G33: Porcentaje de autonomía
A34: 10 | B34: Desempeño | C34: Contramedidas Defectos [%] | D34: % | E34: 100 | F34: ≥ | G34: % contramedidas implementadas
A35: 11 | B35: Desempeño | C35: IPS [#] | D35: # | E35: 1 | F35: ≥ | G35: Improvement proposals
A36: 12 | B36: Costo | C36: FRR [%] | D36: % | E36: 0.1 | F36: ≤ | G36: Factory Rejection Rate
A37: 13 | B37: Costo | C37: DIM WASTE [%] | D37: % | E37: N/A | F37: ≤ | G37: Desperdicio dimensional
A38: 14 | B38: Costo | C38: Sobrepeso [#] | D38: # | E38: -20 | F38: ≤ | G38: Control de sobrepeso
A39: 15 | B39: Costo | C39: Eventos LAIKA [#] | D39: # | E39: 0 | F39: = | G39: Eventos LAIKA
A40: 16 | B40: Moral | C40: Casos de estudios [#] | D40: # | E40: 1 | F40: ≥ | G40: Casos de estudio realizados
A41: 17 | B41: Moral | C41: QM On Target [%] | D41: % | E41: 80 | F41: ≥ | G41: Quality Matrix on target
A44: LINE COORDINATORS
A45: ID | B45: Nombre | C45: Turno | D45: Grupo
A46: LC01 | B46: Ricardo Vargas | C46: Turno 1 | D46: Grupo R. Vargas
A47: LC02 | B47: César Lara | C47: Turno 2 | D47: Grupo C. Lara
A48: LC03 | B48: Miguel Vidrio | C48: Turno 3 | D48: Grupo M. Vidrio

Sheet Operadores
A1: REGISTRO SEMANAL FTO 2026 — OPERADORES
A2: Instrucciones: Seleccione la semana y el operador. Los indicadores SQDCM se llenan en las columnas correspondientes. Use los filtros para navegar.
D3: SUSTENTABILIDAD | F3: CALIDAD | J3: DESEMPEÑO | O3: COSTO | S3: MORAL
A4: Semana | B4: Operador | C4: Line Coordinator | D4: BOS [#] | E4: BOS ENG [%] | F4: QBOS [#] | G4: QBOS ENG [%] | H4: QFlags [#] | I4: QI/PNC [#] | J4: DH Encontrados [#] | K4: DH Reparados [#] | L4: Curva Autonomía [%] | M4: Contramedidas [%] | N4: IPS [#] | O4: FRR [%] | P4: DIM WASTE [%] | Q4: Sobrepeso [#] | R4: Eventos LAIKA [#] | S4: Casos Estudio [#] | T4: QM On Target [%] | U4: Estatus
A5: OBJETIVO → | D5: 3 | E5: 95 | F5: 1 | G5: 95 | H5: 6 | I5: 0 | J5: 14 | K5: 14 | L5: 80 | M5: 100 | N5: 1 | O5: 0.1 | Q5: -20 | R5: 0 | S5: 1 | T5: 80
A6: 46041 | B6: Cristian Quintanilla | C6: =VLOOKUP(B6,Catálogo!$B$5:$C$20,2,FALSE()) -> Ricardo Vargas
A7: 46041 | B7: Diana Magaña | C7: =VLOOKUP(B7,Catálogo!$B$5:$C$20,2,FALSE()) -> Ricardo Vargas
A8: 46041 | B8: Luis Ramírez | C8: =VLOOKUP(B8,Catálogo!$B$5:$C$20,2,FALSE()) -> Ricardo Vargas
A9: 46041 | B9: Miriam Ramírez | C9: =VLOOKUP(B9,Catálogo!$B$5:$C$20,2,FALSE()) -> Ricardo Vargas
A10: 46041 | B10: Erick Macias | C10: =VLOOKUP(B10,Catálogo!$B$5:$C$20,2,FALSE()) -> Ricardo Vargas
A11: 46041 | B11: Gilberto Magaña | C11: =VLOOKUP(B11,Catálogo!$B$5:$C$20,2,FALSE()) -> Ricardo Vargas
A12: 46041 | B12: Alexis Cruz | C12: =VLOOKUP(B12,Catálogo!$B$5:$C$20,2,FALSE()) -> César Lara | D12: 2 | E12: 3 | F12: 3 | G12: 1 | H12: 2 | I12: 3 | J12: 4 | K12: 1 | L12: 2
A13: 46041 | B13: Ramiro Mendez | C13: =VLOOKUP(B13,Catálogo!$B$5:$C$20,2,FALSE()) -> César Lara | D13: 2 | E13: 3 | F13: 1 | G13: 2 | H13: 1 | I13: 21 | J13: 21 | K13: 2 | L13: 21
A14: 46041 | B14: Victoria Karman | C14: =VLOOKUP(B14,Catálogo!$B$5:$C$20,2,FALSE()) -> César Lara
A15: 46041 | B15: Manuel Martinez | C15: =VLOOKUP(B15,Catálogo!$B$5:$C$20,2,FALSE()) -> César Lara
A16: 46041 | B16: Gilberto Alvarez | C16: =VLOOKUP(B16,Catálogo!$B$5:$C$20,2,FALSE()) -> César Lara
A17: 46041 | B17: Jonathan Mares | C17: =VLOOKUP(B17,Catálogo!$B$5:$C$20,2,FALSE()) -> Miguel Vidrio
A18: 46041 | B18: Roberto Mora | C18: =VLOOKUP(B18,Catálogo!$B$5:$C$20,2,FALSE()) -> Miguel Vidrio
A19: 46041 | B19: Violeta Navarro | C19: =VLOOKUP(B19,Catálogo!$B$5:$C$20,2,FALSE()) -> Miguel Vidrio
A20: 46041 | B20: Luis Vazquez | C20: =VLOOKUP(B20,Catálogo!$B$5:$C$20,2,FALSE()) -> Miguel Vidrio
A21: 46041 | B21: Felipe García | C21: =VLOOKUP(B21,Catálogo!$B$5:$C$20,2,FALSE()) -> Miguel Vidrio
A22: 46048 | B22: Cristian Quintanilla | C22: =VLOOKUP(B22,Catálogo!$B$5:$C$20,2,FALSE()) -> Ricardo Vargas
A23: 46048 | B23: Diana Magaña | C23: =VLOOKUP(B23,Catálogo!$B$5:$C$20,2,FALSE()) -> Ricardo Vargas
A24: 46048 | B24: Luis Ramírez | C24: =VLOOKUP(B24,Catálogo!$B$5:$C$20,2,FALSE()) -> Ricardo Vargas
A25: 46048 | B25: Miriam Ramírez | C25: =VLOOKUP(B25,Catálogo!$B$5:$C$20,2,FALSE()) -> Ricardo Vargas
... A773: 46370 | B773: Felipe García | C773: =VLOOKUP(B773,Catálogo!$B$5:$C$20,2,FALSE()) -> Miguel Vidrio

Sheet Resumen LC
A1: RESUMEN SEMANAL POR LINE COORDINATOR — FTO 2026
A2: Promedios automáticos calculados desde la hoja 'Operadores'. No editar manualmente.
C3: SUSTENTABILIDAD | E3: CALIDAD | I3: DESEMPEÑO | N3: COSTO | R3: MORAL
A4: Semana | B4: Line Coordinator | C4: BOS [#] | D4: BOS ENG [%] | E4: QBOS [#] | F4: QBOS ENG [%] | G4: QFlags [#] | H4: QI/PNC [#] | I4: DH Encontrados [#] | J4: DH Reparados [#] | K4: Curva Autonomía [%] | L4: Contramedidas [%] | M4: IPS [#] | N4: FRR [%] | O4: DIM WASTE [%] | P4: Sobrepeso [#] | Q4: Eventos LAIKA [#] | R4: Casos Estudio [#] | S4: QM On Target [%]
A5: OBJETIVO → | C5: 3 | D5: 95 | E5: 1 | F5: 95 | G5: 6 | H5: 0 | I5: 14 | J5: 14 | K5: 80 | L5: 100 | M5: 1 | N5: 0.1 | P5: -20 | Q5: 0 | R5: 1 | S5: 80
A6: 46041 | B6: Ricardo Vargas | C6: =IFERROR(AVERAGEIFS(Operadores!D$6:D$773,Operadores!$A$6:$A$773,A6,Operadores!$C$6:$C$773,B6),"") | D6: =IFERROR(AVERAGEIFS(Operadores!E$6:E$773,Operadores!$A$6:$A$773,A6,Operadores!$C$6:$C$773,B6),"") | E6: =IFERROR(AVERAGEIFS(Operadores!F$6:F$773,Operadores!$A$6:$A$773,A6,Operadores!$C$6:$C$773,B6),"") | F6: =IFERROR(AVERAGEIFS(Operadores!G$6:G$773,Operadores!$A$6:$A$773,A6,Operadores!$C$6:$C$773,B6),"") | G6: =IFERROR(AVERAGEIFS(Operadores!H$6:H$773,Operadores!$A$6:$A$773,A6,Operadores!$C$6:$C$773,B6),"") | H6: =IFERROR(AVERAGEIFS(Operadores!I$6:I$773,Operadores!$A$6:$A$773,A6,Operadores!$C$6:$C$773,B6),"") | I6: =IFERROR(AVERAGEIFS(Operadores!J$6:J$773,Operadores!$A$6:$A$773,A6,Operadores!$C$6:$C$773,B6),"") | J6: =IFERROR(AVERAGEIFS(Operadores!K$6:K$773,Operadores!$A$6:$A$773,A6,Operadores!$C$6:$C$773,B6),"") | K6: =IFERROR(AVERAGEIFS(Operadores!L$6:L$773,Operadores!$A$6:$A$773,A6,Operadores!$C$6:$C$773,B6),"") | L6: =IFERROR(AVERAGEIFS(Operadores!M$6:M$773,Operadores!$A$6:$A$773,A6,Operadores!$C$6:$C$773,B6),"") | M6: =IFERROR(AVERAGEIFS(Operadores!N$6:N$773,Operadores!$A$6:$A$773,A6,Operadores!$C$6:$C$773,B6),"") | N6: =IFERROR(AVERAGEIFS(Operadores!O$6:O$773,Operadores!$A$6:$A$773,A6,Operadores!$C$6:$C$773,B6),"") | O6: =IFERROR(AVERAGEIFS(Operadores!P$6:P$773,Operadores!$A$6:$A$773,A6,Operadores!$C$6:$C$773,B6),"") | P6: =IFERROR(AVERAGEIFS(Operadores!Q$6:Q$773,Operadores!$A$6:$A$773,A6,Operadores!$C$6:$C$773,B6),"") | Q6: =IFERROR(AVERAGEIFS(Operadores!R$6:R$773,Operadores!$A$6:$A$773,A6,Operadores!$C$6:$C$773,B6),"") | R6: =IFERROR(AVERAGEIFS(Operadores!S$6:S$773,Operadores!$A$6:$A$773,A6,Operadores!$C$6:$C$773,B6),"") | S6: =IFERROR(AVERAGEIFS(Operadores!T$6:T$773,Operadores!$A$6:$A$773,A6,Operadores!$C$6:$C$773,B6),"")
A7: 46041 | B7: César Lara | C7: =IFERROR(AVERAGEIFS(Operadores!D$6:D$773,Operadores!$A$6:$A$773,A7,Operadores!$C$6:$C$773,B7),"") -> 2 | D7: =IFERROR(AVERAGEIFS(Operadores!E$6:E$773,Operadores!$A$6:$A$773,A7,Operadores!$C$6:$C$773,B7),"") -> 3 | E7: =IFERROR(AVERAGEIFS(Operadores!F$6:F$773,Operadores!$A$6:$A$773,A7,Operadores!$C$6:$C$773,B7),"") -> 2 | F7: =IFERROR(AVERAGEIFS(Operadores!G$6:G$773,Operadores!$A$6:$A$773,A7,Operadores!$C$6:$C$773,B7),"") -> 1.5 | G7: =IFERROR(AVERAGEIFS(Operadores!H$6:H$773,Operadores!$A$6:$A$773,A7,Operadores!$C$6:$C$773,B7),"") -> 1.5 | H7: =IFERROR(AVERAGEIFS(Operadores!I$6:I$773,Operadores!$A$6:$A$773,A7,Operadores!$C$6:$C$773,B7),"") -> 12 | I7: =IFERROR(AVERAGEIFS(Operadores!J$6:J$773,Operadores!$A$6:$A$773,A7,Operadores!$C$6:$C$773,B7),"") -> 12.5 | J7: =IFERROR(AVERAGEIFS(Operadores!K$6:K$773,Operadores!$A$6:$A$773,A7,Operadores!$C$6:$C$773,B7),"") -> 1.5 | K7: =IFERROR(AVERAGEIFS(Operadores!L$6:L$773,Operadores!$A$6:$A$773,A7,Operadores!$C$6:$C$773,B7),"") -> 11.5 | L7: =IFERROR(AVERAGEIFS(Operadores!M$6:M$773,Operadores!$A$6:$A$773,A7,Operadores!$C$6:$C$773,B7),"") | M7: =IFERROR(AVERAGEIFS(Operadores!N$6:N$773,Operadores!$A$6:$A$773,A7,Operadores!$C$6:$C$773,B7),"") | N7: =IFERROR(AVERAGEIFS(Operadores!O$6:O$773,Operadores!$A$6:$A$773,A7,Operadores!$C$6:$C$773,B7),"") | O7: =IFERROR(AVERAGEIFS(Operadores!P$6:P$773,Operadores!$A$6:$A$773,A7,Operadores!$C$6:$C$773,B7),"") | P7: =IFERROR(AVERAGEIFS(Operadores!Q$6:Q$773,Operadores!$A$6:$A$773,A7,Operadores!$C$6:$C$773,B7),"") | Q7: =IFERROR(AVERAGEIFS(Operadores!R$6:R$773,Operadores!$A$6:$A$773,A7,Operadores!$C$6:$C$773,B7),"") | R7: =IFERROR(AVERAGEIFS(Operadores!S$6:S$773,Operadores!$A$6:$A$773,A7,Operadores!$C$6:$C$773,B7),"") | S7: =IFERROR(AVERAGEIFS(Operadores!T$6:T$773,Operadores!$A$6:$A$773,A7,Operadores!$C$6:$C$773,B7),"")
A8: 46041 | B8: Miguel Vidrio | C8: =IFERROR(AVERAGEIFS(Operadores!D$6:D$773,Operadores!$A$6:$A$773,A8,Operadores!$C$6:$C$773,B8),"") | D8: =IFERROR(AVERAGEIFS(Operadores!E$6:E$773,Operadores!$A$6:$A$773,A8,Operadores!$C$6:$C$773,B8),"") | E8: =IFERROR(AVERAGEIFS(Operadores!F$6:F$773,Operadores!$A$6:$A$773,A8,Operadores!$C$6:$C$773,B8),"") | F8: =IFERROR(AVERAGEIFS(Operadores!G$6:G$773,Operadores!$A$6:$A$773,A8,Operadores!$C$6:$C$773,B8),"") | G8: =IFERROR(AVERAGEIFS(Operadores!H$6:H$773,Operadores!$A$6:$A$773,A8,Operadores!$C$6:$C$773,B8),"") | H8: =IFERROR(AVERAGEIFS(Operadores!I$6:I$773,Operadores!$A$6:$A$773,A8,Operadores!$C$6:$C$773,B8),"") | I8: =IFERROR(AVERAGEIFS(Operadores!J$6:J$773,Operadores!$A$6:$A$773,A8,Operadores!$C$6:$C$773,B8),"") | J8: =IFERROR(AVERAGEIFS(Operadores!K$6:K$773,Operadores!$A$6:$A$773,A8,Operadores!$C$6:$C$773,B8),"") | K8: =IFERROR(AVERAGEIFS(Operadores!L$6:L$773,Operadores!$A$6:$A$773,A8,Operadores!$C$6:$C$773,B8),"") | L8: =IFERROR(AVERAGEIFS(Operadores!M$6:M$773,Operadores!$A$6:$A$773,A8,Operadores!$C$6:$C$773,B8),"") | M8: =IFERROR(AVERAGEIFS(Operadores!N$6:N$773,Operadores!$A$6:$A$773,A8,Operadores!$C$6:$C$773,B8),"") | N8: =IFERROR(AVERAGEIFS(Operadores!O$6:O$773,Operadores!$A$6:$A$773,A8,Operadores!$C$6:$C$773,B8),"") | O8: =IFERROR(AVERAGEIFS(Operadores!P$6:P$773,Operadores!$A$6:$A$773,A8,Operadores!$C$6:$C$773,B8),"") | P8: =IFERROR(AVERAGEIFS(Operadores!Q$6:Q$773,Operadores!$A$6:$A$773,A8,Operadores!$C$6:$C$773,B8),"") | Q8: =IFERROR(AVERAGEIFS(Operadores!R$6:R$773,Operadores!$A$6:$A$773,A8,Operadores!$C$6:$C$773,B8),"") | R8: =IFERROR(AVERAGEIFS(Operadores!S$6:S$773,Operadores!$A$6:$A$773,A8,Operadores!$C$6:$C$773,B8),"") | S8: =IFERROR(AVERAGEIFS(Operadores!T$6:T$773,Operadores!$A$6:$A$773,A8,Operadores!$C$6:$C$773,B8),"")
A9: 46048 | B9: Ricardo Vargas | C9: =IFERROR(AVERAGEIFS(Operadores!D$6:D$773,Operadores!$A$6:$A$773,A9,Operadores!$C$6:$C$773,B9),"") | D9: =IFERROR(AVERAGEIFS(Operadores!E$6:E$773,Operadores!$A$6:$A$773,A9,Operadores!$C$6:$C$773,B9),"") | E9: =IFERROR(AVERAGEIFS(Operadores!F$6:F$773,Operadores!$A$6:$A$773,A9,Operadores!$C$6:$C$773,B9),"") | F9: =IFERROR(AVERAGEIFS(Operadores!G$6:G$773,Operadores!$A$6:$A$773,A9,Operadores!$C$6:$C$773,B9),"") | G9: =IFERROR(AVERAGEIFS(Operadores!H$6:H$773,Operadores!$A$6:$A$773,A9,Operadores!$C$6:$C$773,B9),"") | H9: =IFERROR(AVERAGEIFS(Operadores!I$6:I$773,Operadores!$A$6:$A$773,A9,Operadores!$C$6:$C$773,B9),"") | I9: =IFERROR(AVERAGEIFS(Operadores!J$6:J$773,Operadores!$A$6:$A$773,A9,Operadores!$C$6:$C$773,B9),"") | J9: =IFERROR(AVERAGEIFS(Operadores!K$6:K$773,Operadores!$A$6:$A$773,A9,Operadores!$C$6:$C$773,B9),"") | K9: =IFERROR(AVERAGEIFS(Operadores!L$6:L$773,Operadores!$A$6:$A$773,A9,Operadores!$C$6:$C$773,B9),"") | L9: =IFERROR(AVERAGEIFS(Operadores!M$6:M$773,Operadores!$A$6:$A$773,A9,Operadores!$C$6:$C$773,B9),"") | M9: =IFERROR(AVERAGEIFS(Operadores!N$6:N$773,Operadores!$A$6:$A$773,A9,Operadores!$C$6:$C$773,B9),"") | N9: =IFERROR(AVERAGEIFS(Operadores!O$6:O$773,Operadores!$A$6:$A$773,A9,Operadores!$C$6:$C$773,B9),"") | O9: =IFERROR(AVERAGEIFS(Operadores!P$6:P$773,Operadores!$A$6:$A$773,A9,Operadores!$C$6:$C$773,B9),"") | P9: =IFERROR(AVERAGEIFS(Operadores!Q$6:Q$773,Operadores!$A$6:$A$773,A9,Operadores!$C$6:$C$773,B9),"") | Q9: =IFERROR(AVERAGEIFS(Operadores!R$6:R$773,Operadores!$A$6:$A$773,A9,Operadores!$C$6:$C$773,B9),"") | R9: =IFERROR(AVERAGEIFS(Operadores!S$6:S$773,Operadores!$A$6:$A$773,A9,Operadores!$C$6:$C$773,B9),"") | S9: =IFERROR(AVERAGEIFS(Operadores!T$6:T$773,Operadores!$A$6:$A$773,A9,Operadores!$C$6:$C$773,B9),"")
A10: 46048 | B10: César Lara | C10: =IFERROR(AVERAGEIFS(Operadores!D$6:D$773,Operadores!$A$6:$A$773,A10,Operadores!$C$6:$C$773,B10),"") | D10: =IFERROR(AVERAGEIFS(Operadores!E$6:E$773,Operadores!$A$6:$A$773,A10,Operadores!$C$6:$C$773,B10),"") | E10: =IFERROR(AVERAGEIFS(Operadores!F$6:F$773,Operadores!$A$6:$A$773,A10,Operadores!$C$6:$C$773,B10),"") | F10: =IFERROR(AVERAGEIFS(Operadores!G$6:G$773,Operadores!$A$6:$A$773,A10,Operadores!$C$6:$C$773,B10),"") | G10: =IFERROR(AVERAGEIFS(Operadores!H$6:H$773,Operadores!$A$6:$A$773,A10,Operadores!$C$6:$C$773,B10),"") | H10: =IFERROR(AVERAGEIFS(Operadores!I$6:I$773,Operadores!$A$6:$A$773,A10,Operadores!$C$6:$C$773,B10),"") | I10: =IFERROR(AVERAGEIFS(Operadores!J$6:J$773,Operadores!$A$6:$A$773,A10,Operadores!$C$6:$C$773,B10),"") | J10: =IFERROR(AVERAGEIFS(Operadores!K$6:K$773,Operadores!$A$6:$A$773,A10,Operadores!$C$6:$C$773,B10),"") | K10: =IFERROR(AVERAGEIFS(Operadores!L$6:L$773,Operadores!$A$6:$A$773,A10,Operadores!$C$6:$C$773,B10),"") | L10: =IFERROR(AVERAGEIFS(Operadores!M$6:M$773,Operadores!$A$6:$A$773,A10,Operadores!$C$6:$C$773,B10),"") | M10: =IFERROR(AVERAGEIFS(Operadores!N$6:N$773,Operadores!$A$6:$A$773,A10,Operadores!$C$6:$C$773,B10),"") | N10: =IFERROR(AVERAGEIFS(Operadores!O$6:O$773,Operadores!$A$6:$A$773,A10,Operadores!$C$6:$C$773,B10),"") | O10: =IFERROR(AVERAGEIFS(Operadores!P$6:P$773,Operadores!$A$6:$A$773,A10,Operadores!$C$6:$C$773,B10),"") | P10: =IFERROR(AVERAGEIFS(Operadores!Q$6:Q$773,Operadores!$A$6:$A$773,A10,Operadores!$C$6:$C$773,B10),"") | Q10: =IFERROR(AVERAGEIFS(Operadores!R$6:R$773,Operadores!$A$6:$A$773,A10,Operadores!$C$6:$C$773,B10),"") | R10: =IFERROR(AVERAGEIFS(Operadores!S$6:S$773,Operadores!$A$6:$A$773,A10,Operadores!$C$6:$C$773,B10),"") | S10: =IFERROR(AVERAGEIFS(Operadores!T$6:T$773,Operadores!$A$6:$A$773,A10,Operadores!$C$6:$C$773,B10),"")
A11: 46048 | B11: Miguel Vidrio | C11: =IFERROR(AVERAGEIFS(Operadores!D$6:D$773,Operadores!$A$6:$A$773,A11,Operadores!$C$6:$C$773,B11),"") | D11: =IFERROR(AVERAGEIFS(Operadores!E$6:E$773,Operadores!$A$6:$A$773,A11,Operadores!$C$6:$C$773,B11),"") | E11: =IFERROR(AVERAGEIFS(Operadores!F$6:F$773,Operadores!$A$6:$A$773,A11,Operadores!$C$6:$C$773,B11),"") | F11: =IFERROR(AVERAGEIFS(Operadores!G$6:G$773,Operadores!$A$6:$A$773,A11,Operadores!$C$6:$C$773,B11),"") | G11: =IFERROR(AVERAGEIFS(Operadores!H$6:H$773,Operadores!$A$6:$A$773,A11,Operadores!$C$6:$C$773,B11),"") | H11: =IFERROR(AVERAGEIFS(Operadores!I$6:I$773,Operadores!$A$6:$A$773,A11,Operadores!$C$6:$C$773,B11),"") | I11: =IFERROR(AVERAGEIFS(Operadores!J$6:J$773,Operadores!$A$6:$A$773,A11,Operadores!$C$6:$C$773,B11),"") | J11: =IFERROR(AVERAGEIFS(Operadores!K$6:K$773,Operadores!$A$6:$A$773,A11,Operadores!$C$6:$C$773,B11),"") | K11: =IFERROR(AVERAGEIFS(Operadores!L$6:L$773,Operadores!$A$6:$A$773,A11,Operadores!$C$6:$C$773,B11),"") | L11: =IFERROR(AVERAGEIFS(Operadores!M$6:M$773,Operadores!$A$6:$A$773,A11,Operadores!$C$6:$C$773,B11),"") | M11: =IFERROR(AVERAGEIFS(Operadores!N$6:N$773,Operadores!$A$6:$A$773,A11,Operadores!$C$6:$C$773,B11),"") | N11: =IFERROR(AVERAGEIFS(Operadores!O$6:O$773,Operadores!$A$6:$A$773,A11,Operadores!$C$6:$C$773,B11),"") | O11: =IFERROR(AVERAGEIFS(Operadores!P$6:P$773,Operadores!$A$6:$A$773,A11,Operadores!$C$6:$C$773,B11),"") | P11: =IFERROR(AVERAGEIFS(Operadores!Q$6:Q$773,Operadores!$A$6:$A$773,A11,Operadores!$C$6:$C$773,B11),"") | Q11: =IFERROR(AVERAGEIFS(Operadores!R$6:R$773,Operadores!$A$6:$A$773,A11,Operadores!$C$6:$C$773,B11),"") | R11: =IFERROR(AVERAGEIFS(Operadores!S$6:S$773,Operadores!$A$6:$A$773,A11,Operadores!$C$6:$C$773,B11),"") | S11: =IFERROR(AVERAGEIFS(Operadores!T$6:T$773,Operadores!$A$6:$A$773,A11,Operadores!$C$6:$C$773,B11),"")
A12: 46055 | B12: Ricardo Vargas | C12: =IFERROR(AVERAGEIFS(Operadores!D$6:D$773,Operadores!$A$6:$A$773,A12,Operadores!$C$6:$C$773,B12),"") | D12: =IFERROR(AVERAGEIFS(Operadores!E$6:E$773,Operadores!$A$6:$A$773,A12,Operadores!$C$6:$C$773,B12),"") | E12: =IFERROR(AVERAGEIFS(Operadores!F$6:F$773,Operadores!$A$6:$A$773,A12,Operadores!$C$6:$C$773,B12),"") | F12: =IFERROR(AVERAGEIFS(Operadores!G$6:G$773,Operadores!$A$6:$A$773,A12,Operadores!$C$6:$C$773,B12),"") | G12: =IFERROR(AVERAGEIFS(Operadores!H$6:H$773,Operadores!$A$6:$A$773,A12,Operadores!$C$6:$C$773,B12),"") | H12: =IFERROR(AVERAGEIFS(Operadores!I$6:I$773,Operadores!$A$6:$A$773,A12,Operadores!$C$6:$C$773,B12),"") | I12: =IFERROR(AVERAGEIFS(Operadores!J$6:J$773,Operadores!$A$6:$A$773,A12,Operadores!$C$6:$C$773,B12),"") | J12: =IFERROR(AVERAGEIFS(Operadores!K$6:K$773,Operadores!$A$6:$A$773,A12,Operadores!$C$6:$C$773,B12),"") | K12: =IFERROR(AVERAGEIFS(Operadores!L$6:L$773,Operadores!$A$6:$A$773,A12,Operadores!$C$6:$C$773,B12),"") | L12: =IFERROR(AVERAGEIFS(Operadores!M$6:M$773,Operadores!$A$6:$A$773,A12,Operadores!$C$6:$C$773,B12),"") | M12: =IFERROR(AVERAGEIFS(Operadores!N$6:N$773,Operadores!$A$6:$A$773,A12,Operadores!$C$6:$C$773,B12),"") | N12: =IFERROR(AVERAGEIFS(Operadores!O$6:O$773,Operadores!$A$6:$A$773,A12,Operadores!$C$6:$C$773,B12),"") | O12: =IFERROR(AVERAGEIFS(Operadores!P$6:P$773,Operadores!$A$6:$A$773,A12,Operadores!$C$6:$C$773,B12),"") | P12: =IFERROR(AVERAGEIFS(Operadores!Q$6:Q$773,Operadores!$A$6:$A$773,A12,Operadores!$C$6:$C$773,B12),"") | Q12: =IFERROR(AVERAGEIFS(Operadores!R$6:R$773,Operadores!$A$6:$A$773,A12,Operadores!$C$6:$C$773,B12),"") | R12: =IFERROR(AVERAGEIFS(Operadores!S$6:S$773,Operadores!$A$6:$A$773,A12,Operadores!$C$6:$C$773,B12),"") | S12: =IFERROR(AVERAGEIFS(Operadores!T$6:T$773,Operadores!$A$6:$A$773,A12,Operadores!$C$6:$C$773,B12),"")
A13: 46055 | B13: César Lara | C13: =IFERROR(AVERAGEIFS(Operadores!D$6:D$773,Operadores!$A$6:$A$773,A13,Operadores!$C$6:$C$773,B13),"") | D13: =IFERROR(AVERAGEIFS(Operadores!E$6:E$773,Operadores!$A$6:$A$773,A13,Operadores!$C$6:$C$773,B13),"") | E13: =IFERROR(AVERAGEIFS(Operadores!F$6:F$773,Operadores!$A$6:$A$773,A13,Operadores!$C$6:$C$773,B13),"") | F13: =IFERROR(AVERAGEIFS(Operadores!G$6:G$773,Operadores!$A$6:$A$773,A13,Operadores!$C$6:$C$773,B13),"") | G13: =IFERROR(AVERAGEIFS(Operadores!H$6:H$773,Operadores!$A$6:$A$773,A13,Operadores!$C$6:$C$773,B13),"") | H13: =IFERROR(AVERAGEIFS(Operadores!I$6:I$773,Operadores!$A$6:$A$773,A13,Operadores!$C$6:$C$773,B13),"") | I13: =IFERROR(AVERAGEIFS(Operadores!J$6:J$773,Operadores!$A$6:$A$773,A13,Operadores!$C$6:$C$773,B13),"") | J13: =IFERROR(AVERAGEIFS(Operadores!K$6:K$773,Operadores!$A$6:$A$773,A13,Operadores!$C$6:$C$773,B13),"") | K13: =IFERROR(AVERAGEIFS(Operadores!L$6:L$773,Operadores!$A$6:$A$773,A13,Operadores!$C$6:$C$773,B13),"") | L13: =IFERROR(AVERAGEIFS(Operadores!M$6:M$773,Operadores!$A$6:$A$773,A13,Operadores!$C$6:$C$773,B13),"") | M13: =IFERROR(AVERAGEIFS(Operadores!N$6:N$773,Operadores!$A$6:$A$773,A13,Operadores!$C$6:$C$773,B13),"") | N13: =IFERROR(AVERAGEIFS(Operadores!O$6:O$773,Operadores!$A$6:$A$773,A13,Operadores!$C$6:$C$773,B13),"") | O13: =IFERROR(AVERAGEIFS(Operadores!P$6:P$773,Operadores!$A$6:$A$773,A13,Operadores!$C$6:$C$773,B13),"") | P13: =IFERROR(AVERAGEIFS(Operadores!Q$6:Q$773,Operadores!$A$6:$A$773,A13,Operadores!$C$6:$C$773,B13),"") | Q13: =IFERROR(AVERAGEIFS(Operadores!R$6:R$773,Operadores!$A$6:$A$773,A13,Operadores!$C$6:$C$773,B13),"") | R13: =IFERROR(AVERAGEIFS(Operadores!S$6:S$773,Operadores!$A$6:$A$773,A13,Operadores!$C$6:$C$773,B13),"") | S13: =IFERROR(AVERAGEIFS(Operadores!T$6:T$773,Operadores!$A$6:$A$773,A13,Operadores!$C$6:$C$773,B13),"")
A14: 46055 | B14: Miguel Vidrio | C14: =IFERROR(AVERAGEIFS(Operadores!D$6:D$773,Operadores!$A$6:$A$773,A14,Operadores!$C$6:$C$773,B14),"") | D14: =IFERROR(AVERAGEIFS(Operadores!E$6:E$773,Operadores!$A$6:$A$773,A14,Operadores!$C$6:$C$773,B14),"") | E14: =IFERROR(AVERAGEIFS(Operadores!F$6:F$773,Operadores!$A$6:$A$773,A14,Operadores!$C$6:$C$773,B14),"") | F14: =IFERROR(AVERAGEIFS(Operadores!G$6:G$773,Operadores!$A$6:$A$773,A14,Operadores!$C$6:$C$773,B14),"") | G14: =IFERROR(AVERAGEIFS(Operadores!H$6:H$773,Operadores!$A$6:$A$773,A14,Operadores!$C$6:$C$773,B14),"") | H14: =IFERROR(AVERAGEIFS(Operadores!I$6:I$773,Operadores!$A$6:$A$773,A14,Operadores!$C$6:$C$773,B14),"") | I14: =IFERROR(AVERAGEIFS(Operadores!J$6:J$773,Operadores!$A$6:$A$773,A14,Operadores!$C$6:$C$773,B14),"") | J14: =IFERROR(AVERAGEIFS(Operadores!K$6:K$773,Operadores!$A$6:$A$773,A14,Operadores!$C$6:$C$773,B14),"") | K14: =IFERROR(AVERAGEIFS(Operadores!L$6:L$773,Operadores!$A$6:$A$773,A14,Operadores!$C$6:$C$773,B14),"") | L14: =IFERROR(AVERAGEIFS(Operadores!M$6:M$773,Operadores!$A$6:$A$773,A14,Operadores!$C$6:$C$773,B14),"") | M14: =IFERROR(AVERAGEIFS(Operadores!N$6:N$773,Operadores!$A$6:$A$773,A14,Operadores!$C$6:$C$773,B14),"") | N14: =IFERROR(AVERAGEIFS(Operadores!O$6:O$773,Operadores!$A$6:$A$773,A14,Operadores!$C$6:$C$773,B14),"") | O14: =IFERROR(AVERAGEIFS(Operadores!P$6:P$773,Operadores!$A$6:$A$773,A14,Operadores!$C$6:$C$773,B14),"") | P14: =IFERROR(AVERAGEIFS(Operadores!Q$6:Q$773,Operadores!$A$6:$A$773,A14,Operadores!$C$6:$C$773,B14),"") | Q14: =IFERROR(AVERAGEIFS(Operadores!R$6:R$773,Operadores!$A$6:$A$773,A14,Operadores!$C$6:$C$773,B14),"") | R14: =IFERROR(AVERAGEIFS(Operadores!S$6:S$773,Operadores!$A$6:$A$773,A14,Operadores!$C$6:$C$773,B14),"") | S14: =IFERROR(AVERAGEIFS(Operadores!T$6:T$773,Operadores!$A$6:$A$773,A14,Operadores!$C$6:$C$773,B14),"")
A15: 46062 | B15: Ricardo Vargas | C15: =IFERROR(AVERAGEIFS(Operadores!D$6:D$773,Operadores!$A$6:$A$773,A15,Operadores!$C$6:$C$773,B15),"") | D15: =IFERROR(AVERAGEIFS(Operadores!E$6:E$773,Operadores!$A$6:$A$773,A15,Operadores!$C$6:$C$773,B15),"") | E15: =IFERROR(AVERAGEIFS(Operadores!F$6:F$773,Operadores!$A$6:$A$773,A15,Operadores!$C$6:$C$773,B15),"") | F15: =IFERROR(AVERAGEIFS(Operadores!G$6:G$773,Operadores!$A$6:$A$773,A15,Operadores!$C$6:$C$773,B15),"") | G15: =IFERROR(AVERAGEIFS(Operadores!H$6:H$773,Operadores!$A$6:$A$773,A15,Operadores!$C$6:$C$773,B15),"") | H15: =IFERROR(AVERAGEIFS(Operadores!I$6:I$773,Operadores!$A$6:$A$773,A15,Operadores!$C$6:$C$773,B15),"") | I15: =IFERROR(AVERAGEIFS(Operadores!J$6:J$773,Operadores!$A$6:$A$773,A15,Operadores!$C$6:$C$773,B15),"") | J15: =IFERROR(AVERAGEIFS(Operadores!K$6:K$773,Operadores!$A$6:$A$773,A15,Operadores!$C$6:$C$773,B15),"") | K15: =IFERROR(AVERAGEIFS(Operadores!L$6:L$773,Operadores!$A$6:$A$773,A15,Operadores!$C$6:$C$773,B15),"") | L15: =IFERROR(AVERAGEIFS(Operadores!M$6:M$773,Operadores!$A$6:$A$773,A15,Operadores!$C$6:$C$773,B15),"") | M15: =IFERROR(AVERAGEIFS(Operadores!N$6:N$773,Operadores!$A$6:$A$773,A15,Operadores!$C$6:$C$773,B15),"") | N15: =IFERROR(AVERAGEIFS(Operadores!O$6:O$773,Operadores!$A$6:$A$773,A15,Operadores!$C$6:$C$773,B15),"") | O15: =IFERROR(AVERAGEIFS(Operadores!P$6:P$773,Operadores!$A$6:$A$773,A15,Operadores!$C$6:$C$773,B15),"") | P15: =IFERROR(AVERAGEIFS(Operadores!Q$6:Q$773,Operadores!$A$6:$A$773,A15,Operadores!$C$6:$C$773,B15),"") | Q15: =IFERROR(AVERAGEIFS(Operadores!R$6:R$773,Operadores!$A$6:$A$773,A15,Operadores!$C$6:$C$773,B15),"") | R15: =IFERROR(AVERAGEIFS(Operadores!S$6:S$773,Operadores!$A$6:$A$773,A15,Operadores!$C$6:$C$773,B15),"") | S15: =IFERROR(AVERAGEIFS(Operadores!T$6:T$773,Operadores!$A$6:$A$773,A15,Operadores!$C$6:$C$773,B15),"")
A16: 46062 | B16: César Lara | C16: =IFERROR(AVERAGEIFS(Operadores!D$6:D$773,Operadores!$A$6:$A$773,A16,Operadores!$C$6:$C$773,B16),"") | D16: =IFERROR(AVERAGEIFS(Operadores!E$6:E$773,Operadores!$A$6:$A$773,A16,Operadores!$C$6:$C$773,B16),"") | E16: =IFERROR(AVERAGEIFS(Operadores!F$6:F$773,Operadores!$A$6:$A$773,A16,Operadores!$C$6:$C$773,B16),"") | F16: =IFERROR(AVERAGEIFS(Operadores!G$6:G$773,Operadores!$A$6:$A$773,A16,Operadores!$C$6:$C$773,B16),"") | G16: =IFERROR(AVERAGEIFS(Operadores!H$6:H$773,Operadores!$A$6:$A$773,A16,Operadores!$C$6:$C$773,B16),"") | H16: =IFERROR(AVERAGEIFS(Operadores!I$6:I$773,Operadores!$A$6:$A$773,A16,Operadores!$C$6:$C$773,B16),"") | I16: =IFERROR(AVERAGEIFS(Operadores!J$6:J$773,Operadores!$A$6:$A$773,A16,Operadores!$C$6:$C$773,B16),"") | J16: =IFERROR(AVERAGEIFS(Operadores!K$6:K$773,Operadores!$A$6:$A$773,A16,Operadores!$C$6:$C$773,B16),"") | K16: =IFERROR(AVERAGEIFS(Operadores!L$6:L$773,Operadores!$A$6:$A$773,A16,Operadores!$C$6:$C$773,B16),"") | L16: =IFERROR(AVERAGEIFS(Operadores!M$6:M$773,Operadores!$A$6:$A$773,A16,Operadores!$C$6:$C$773,B16),"") | M16: =IFERROR(AVERAGEIFS(Operadores!N$6:N$773,Operadores!$A$6:$A$773,A16,Operadores!$C$6:$C$773,B16),"") | N16: =IFERROR(AVERAGEIFS(Operadores!O$6:O$773,Operadores!$A$6:$A$773,A16,Operadores!$C$6:$C$773,B16),"") | O16: =IFERROR(AVERAGEIFS(Operadores!P$6:P$773,Operadores!$A$6:$A$773,A16,Operadores!$C$6:$C$773,B16),"") | P16: =IFERROR(AVERAGEIFS(Operadores!Q$6:Q$773,Operadores!$A$6:$A$773,A16,Operadores!$C$6:$C$773,B16),"") | Q16: =IFERROR(AVERAGEIFS(Operadores!R$6:R$773,Operadores!$A$6:$A$773,A16,Operadores!$C$6:$C$773,B16),"") | R16: =IFERROR(AVERAGEIFS(Operadores!S$6:S$773,Operadores!$A$6:$A$773,A16,Operadores!$C$6:$C$773,B16),"") | S16: =IFERROR(AVERAGEIFS(Operadores!T$6:T$773,Operadores!$A$6:$A$773,A16,Operadores!$C$6:$C$773,B16),"")
A17: 46062 | B17: Miguel Vidrio | C17: =IFERROR(AVERAGEIFS(Operadores!D$6:D$773,Operadores!$A$6:$A$773,A17,Operadores!$C$6:$C$773,B17),"") | D17: =IFERROR(AVERAGEIFS(Operadores!E$6:E$773,Operadores!$A$6:$A$773,A17,Operadores!$C$6:$C$773,B17),"") | E17: =IFERROR(AVERAGEIFS(Operadores!F$6:F$773,Operadores!$A$6:$A$773,A17,Operadores!$C$6:$C$773,B17),"") | F17: =IFERROR(AVERAGEIFS(Operadores!G$6:G$773,Operadores!$A$6:$A$773,A17,Operadores!$C$6:$C$773,B17),"") | G17: =IFERROR(AVERAGEIFS(Operadores!H$6:H$773,Operadores!$A$6:$A$773,A17,Operadores!$C$6:$C$773,B17),"") | H17: =IFERROR(AVERAGEIFS(Operadores!I$6:I$773,Operadores!$A$6:$A$773,A17,Operadores!$C$6:$C$773,B17),"") | I17: =IFERROR(AVERAGEIFS(Operadores!J$6:J$773,Operadores!$A$6:$A$773,A17,Operadores!$C$6:$C$773,B17),"") | J17: =IFERROR(AVERAGEIFS(Operadores!K$6:K$773,Operadores!$A$6:$A$773,A17,Operadores!$C$6:$C$773,B17),"") | K17: =IFERROR(AVERAGEIFS(Operadores!L$6:L$773,Operadores!$A$6:$A$773,A17,Operadores!$C$6:$C$773,B17),"") | L17: =IFERROR(AVERAGEIFS(Operadores!M$6:M$773,Operadores!$A$6:$A$773,A17,Operadores!$C$6:$C$773,B17),"") | M17: =IFERROR(AVERAGEIFS(Operadores!N$6:N$773,Operadores!$A$6:$A$773,A17,Operadores!$C$6:$C$773,B17),"") | N17: =IFERROR(AVERAGEIFS(Operadores!O$6:O$773,Operadores!$A$6:$A$773,A17,Operadores!$C$6:$C$773,B17),"") | O17: =IFERROR(AVERAGEIFS(Operadores!P$6:P$773,Operadores!$A$6:$A$773,A17,Operadores!$C$6:$C$773,B17),"") | P17: =IFERROR(AVERAGEIFS(Operadores!Q$6:Q$773,Operadores!$A$6:$A$773,A17,Operadores!$C$6:$C$773,B17),"") | Q17: =IFERROR(AVERAGEIFS(Operadores!R$6:R$773,Operadores!$A$6:$A$773,A17,Operadores!$C$6:$C$773,B17),"") | R17: =IFERROR(AVERAGEIFS(Operadores!S$6:S$773,Operadores!$A$6:$A$773,A17,Operadores!$C$6:$C$773,B17),"") | S17: =IFERROR(AVERAGEIFS(Operadores!T$6:T$773,Operadores!$A$6:$A$773,A17,Operadores!$C$6:$C$773,B17),"")
... A149: 46370 | B149: Miguel Vidrio | C149: =IFERROR(AVERAGEIFS(Operadores!D$6:D$773,Operadores!$A$6:$A$773,A149,Operadores!$C$6:$C$773,B149),"") | D149: =IFERROR(AVERAGEIFS(Operadores!E$6:E$773,Operadores!$A$6:$A$773,A149,Operadores!$C$6:$C$773,B149),"") | E149: =IFERROR(AVERAGEIFS(Operadores!F$6:F$773,Operadores!$A$6:$A$773,A149,Operadores!$C$6:$C$773,B149),"") | F149: =IFERROR(AVERAGEIFS(Operadores!G$6:G$773,Operadores!$A$6:$A$773,A149,Operadores!$C$6:$C$773,B149),"") | G149: =IFERROR(AVERAGEIFS(Operadores!H$6:H$773,Operadores!$A$6:$A$773,A149,Operadores!$C$6:$C$773,B149),"") | H149: =IFERROR(AVERAGEIFS(Operadores!I$6:I$773,Operadores!$A$6:$A$773,A149,Operadores!$C$6:$C$773,B149),"") | I149: =IFERROR(AVERAGEIFS(Operadores!J$6:J$773,Operadores!$A$6:$A$773,A149,Operadores!$C$6:$C$773,B149),"") | J149: =IFERROR(AVERAGEIFS(Operadores!K$6:K$773,Operadores!$A$6:$A$773,A149,Operadores!$C$6:$C$773,B149),"") | K149: =IFERROR(AVERAGEIFS(Operadores!L$6:L$773,Operadores!$A$6:$A$773,A149,Operadores!$C$6:$C$773,B149),"") | L149: =IFERROR(AVERAGEIFS(Operadores!M$6:M$773,Operadores!$A$6:$A$773,A149,Operadores!$C$6:$C$773,B149),"") | M149: =IFERROR(AVERAGEIFS(Operadores!N$6:N$773,Operadores!$A$6:$A$773,A149,Operadores!$C$6:$C$773,B149),"") | N149: =IFERROR(AVERAGEIFS(Operadores!O$6:O$773,Operadores!$A$6:$A$773,A149,Operadores!$C$6:$C$773,B149),"") | O149: =IFERROR(AVERAGEIFS(Operadores!P$6:P$773,Operadores!$A$6:$A$773,A149,Operadores!$C$6:$C$773,B149),"") | P149: =IFERROR(AVERAGEIFS(Operadores!Q$6:Q$773,Operadores!$A$6:$A$773,A149,Operadores!$C$6:$C$773,B149),"") | Q149: =IFERROR(AVERAGEIFS(Operadores!R$6:R$773,Operadores!$A$6:$A$773,A149,Operadores!$C$6:$C$773,B149),"") | R149: =IFERROR(AVERAGEIFS(Operadores!S$6:S$773,Operadores!$A$6:$A$773,A149,Operadores!$C$6:$C$773,B149),"") | S149: =IFERROR(AVERAGEIFS(Operadores!T$6:T$773,Operadores!$A$6:$A$773,A149,Operadores!$C$6:$C$773,B149),"")
